{
  "HTTP Request-1" : {
    "transaction" : "HTTP Request-1",
    "sampleCount" : 10,
    "errorCount" : 0,
    "errorPct" : 0.0,
    "meanResTime" : 30.299999999999997,
    "medianResTime" : 30.5,
    "minResTime" : 29.0,
    "maxResTime" : 32.0,
    "pct1ResTime" : 31.9,
    "pct2ResTime" : 32.0,
    "pct3ResTime" : 32.0,
    "throughput" : 285.7142857142857,
    "receivedKBytesPerSec" : 3887.0814732142853,
    "sentKBytesPerSec" : 328.4319196428571
  },
  "Total" : {
    "transaction" : "Total",
    "sampleCount" : 140,
    "errorCount" : 0,
    "errorPct" : 0.0,
    "meanResTime" : 688.4928571428575,
    "medianResTime" : 585.0,
    "minResTime" : 29.0,
    "maxResTime" : 1851.0,
    "pct1ResTime" : 1382.2,
    "pct2ResTime" : 1519.75,
    "pct3ResTime" : 1785.4000000000005,
    "throughput" : 0.18438617841206625,
    "receivedKBytesPerSec" : 114.76687835270047,
    "sentKBytesPerSec" : 0.06039624836686528
  },
  "HTTP Request-0" : {
    "transaction" : "HTTP Request-0",
    "sampleCount" : 10,
    "errorCount" : 0,
    "errorPct" : 0.0,
    "meanResTime" : 587.6,
    "medianResTime" : 585.0,
    "minResTime" : 584.0,
    "maxResTime" : 595.0,
    "pct1ResTime" : 595.0,
    "pct2ResTime" : 595.0,
    "pct3ResTime" : 595.0,
    "throughput" : 16.80672268907563,
    "receivedKBytesPerSec" : 38.12368697478992,
    "sentKBytesPerSec" : 3.8865546218487395
  },
  "Transaction Controller" : {
    "transaction" : "Transaction Controller",
    "sampleCount" : 130,
    "errorCount" : 0,
    "errorPct" : 0.0,
    "meanResTime" : 693.9230769230772,
    "medianResTime" : 585.0,
    "minResTime" : 0.0,
    "maxResTime" : 1851.0,
    "pct1ResTime" : 1403.8000000000002,
    "pct2ResTime" : 1539.7999999999995,
    "pct3ResTime" : 1801.3999999999996,
    "throughput" : 0.1558061771156681,
    "receivedKBytesPerSec" : 104.24752194207905,
    "sentKBytesPerSec" : 0.03841198112048611
  },
  "HTTP Request" : {
    "transaction" : "HTTP Request",
    "sampleCount" : 120,
    "errorCount" : 0,
    "errorPct" : 0.0,
    "meanResTime" : 751.7500000000001,
    "medianResTime" : 603.0,
    "minResTime" : 411.0,
    "maxResTime" : 1851.0,
    "pct1ResTime" : 1406.9,
    "pct2ResTime" : 1561.7999999999995,
    "pct3ResTime" : 1817.3999999999987,
    "throughput" : 0.15804529578177107,
    "receivedKBytesPerSec" : 114.55782203416479,
    "sentKBytesPerSec" : 0.04221100717986608
  }
}